rating_category,product_count,avg_rating,avg_reviews
Average (3.0-3.9),243,3.638683127572017,317.58024691358025
Excellent (4.5+),228,4.696052631578947,1011.5701754385965
Good (4.0-4.4),510,4.199019607843137,1889.650980392157
Poor (<3.0),18,2.261111111111111,18.11111111111111
